Entity,Type,Superclass(es),alleviates,asks,confirms,currentAssessment,exacerbates,hasDiagnosis,hasFinding,hasPatient,hasProcedure,hasRiskFactor,hasSymptom,likelihood,maySuggest,nextStep,partOf,precedes,relatesTo,responseTo,ruleOut,suggests,takesMedication,targets,aggravatingFactors,assessmentID,character,code,confidence,dosage,duration,endDate,endTime,extractedValue,findingType,frequency,location,onset,preferredTerm,procedureDate,questionCode,questionText,questionType,radiation,relievingFactors,responseText,responseTimestamp,route,severity,source,startDate,startTime,status,stepDescription,stepName,stepOrder,unit,uri,value,comment,label
http://example.org/health-assessment#AdverseDrugReaction,NamedIndividual,,unknown,,,unknown,,,,,,,,unknown,unknown,,,unknown,,unknown,,,,,,,,,,,,,,,,,,,,,unknown,unknown,,,,,,,,,,,,unknown,unknown,,,,unknown,unknown,unknown
http://example.org/health-assessment#AllergicReaction,NamedIndividual,,unknown,,,unknown,,,,,,,,unknown,unknown,,,unknown,,unknown,,,,,,,,,,,,,,,,,,,,,unknown,unknown,,,,,,,,,,,,unknown,unknown,,,,unknown,unknown,unknown
http://example.org/health-assessment#Allergy,NamedIndividual,,unknown,,,unknown,,,,,,,,unknown,unknown,,,unknown,,unknown,,,,,,,,,,,,,,,,,,,,,unknown,unknown,,,,,,,,,,,,unknown,unknown,,,,unknown,unknown,unknown
http://example.org/health-assessment#Anxiety,NamedIndividual,,unknown,,,unknown,,,,,,,,unknown,unknown,,,unknown,,unknown,,,,,,,,,,,,,,,,,,,,,unknown,unknown,,,,,,,,,,,,unknown,unknown,,,,unknown,unknown,unknown
http://example.org/health-assessment#Assessment,Class,http://www.w3.org/2002/07/owl#Thing,unknown,,,unknown,,,,,,,,unknown,unknown,,,unknown,,unknown,,,,,,,,,,,,,,,,,,,,,unknown,unknown,,,,,,,,,,,,unknown,unknown,,,,unknown,unknown,unknown
http://example.org/health-assessment#AssessmentAndPlan,NamedIndividual,,unknown,,,unknown,,,,,,,,unknown,unknown,,,unknown,,unknown,,,,,,,,,,,,,,,,,,,,,unknown,unknown,,,,,,,,,,,,unknown,unknown,,,,unknown,unknown,unknown
http://example.org/health-assessment#AssessmentQuestion,Class,http://www.w3.org/2002/07/owl#Thing,unknown,,,unknown,,,,,,,,unknown,unknown,,,unknown,,unknown,,,,,,,,,,,,,,,,,,,,,unknown,unknown,,,,,,,,,,,,unknown,unknown,,,,unknown,unknown,unknown
http://example.org/health-assessment#AssessmentStep,Class,http://www.w3.org/2002/07/owl#Thing,unknown,,,unknown,,,,,,,,unknown,unknown,,,unknown,,unknown,,,,,,,,,,,,,,,,,,,,,unknown,unknown,,,,,,,,,,,,unknown,unknown,,,,unknown,unknown,unknown
http://example.org/health-assessment#BipolarDisorder,NamedIndividual,,unknown,,,unknown,,,,,,,,unknown,unknown,,,unknown,,unknown,,,,,,,,,,,,,,,,,,,,,unknown,unknown,,,,,,,,,,,,unknown,unknown,,,,unknown,unknown,unknown
http://example.org/health-assessment#COVID-19,NamedIndividual,,unknown,,,unknown,,,,,,,,unknown,unknown,,,unknown,,unknown,,,,,,,,,,,,,,,,,,,,,unknown,unknown,,,,,,,,,,,,unknown,unknown,,,,unknown,unknown,unknown
http://example.org/health-assessment#CardiovascularCondition,NamedIndividual,,unknown,,,unknown,,,,,,,,unknown,unknown,,,unknown,,unknown,,,,,,,,,,,,,,,,,,,,,unknown,unknown,,,,,,,,,,,,unknown,unknown,,,,unknown,unknown,unknown
http://example.org/health-assessment#ChiefComplaint,NamedIndividual,,unknown,,,unknown,,,,,,,,unknown,unknown,,,unknown,,unknown,,,,,,,,,,,,,,,,,,,,,unknown,unknown,,,,,,,,,,,,unknown,unknown,,,,unknown,unknown,unknown
http://example.org/health-assessment#Complication,NamedIndividual,,unknown,,,unknown,,,,,,,,unknown,unknown,,,unknown,,unknown,,,,,,,,,,,,,,,,,,,,,unknown,unknown,,,,,,,,,,,,unknown,unknown,,,,unknown,unknown,unknown
http://example.org/health-assessment#Concept,Class,http://www.w3.org/2002/07/owl#Thing,unknown,,,unknown,,,,,,,,unknown,unknown,,,unknown,,unknown,,,,,,,,,,,,,,,,,,,,,unknown,unknown,,,,,,,,,,,,unknown,unknown,,,,unknown,unknown,unknown
http://example.org/health-assessment#Cough,NamedIndividual,,unknown,,,unknown,,,,,,,,unknown,unknown,,,unknown,,unknown,,,,,,,,,,,,,,,,,,,,,unknown,unknown,,,,,,,,,,,,unknown,unknown,,,,unknown,unknown,unknown
http://example.org/health-assessment#Depression,NamedIndividual,,unknown,,,unknown,,,,,,,,unknown,unknown,,,unknown,,unknown,,,,,,,,,,,,,,,,,,,,,unknown,unknown,,,,,,,,,,,,unknown,unknown,,,,unknown,unknown,unknown
http://example.org/health-assessment#Diagnosis,Class,http://example.org/health-assessment#Concept,unknown,,,unknown,,,,,,,,unknown,unknown,,,unknown,,unknown,,,,,,,,,,,,,,,,,,,,,unknown,unknown,,,,,,,,,,,,unknown,unknown,,,,unknown,unknown,unknown
http://example.org/health-assessment#Diet,NamedIndividual,,unknown,,,unknown,,,,,,,,unknown,unknown,,,unknown,,unknown,,,,,,,,,,,,,,,,,,,,,unknown,unknown,,,,,,,,,,,,unknown,unknown,,,,unknown,unknown,unknown
http://example.org/health-assessment#EatingDisorder,NamedIndividual,,unknown,,,unknown,,,,,,,,unknown,unknown,,,unknown,,unknown,,,,,,,,,,,,,,,,,,,,,unknown,unknown,,,,,,,,,,,,unknown,unknown,,,,unknown,unknown,unknown
http://example.org/health-assessment#Exercise,NamedIndividual,,unknown,,,unknown,,,,,,,,unknown,unknown,,,unknown,,unknown,,,,,,,,,,,,,,,,,,,,,unknown,unknown,,,,,,,,,,,,unknown,unknown,,,,unknown,unknown,unknown
http://example.org/health-assessment#FamilyHistory,NamedIndividual,,unknown,,,unknown,,,,,,,,unknown,unknown,,,unknown,,unknown,,,,,,,,,,,,,,,,,,,,,unknown,unknown,,,,,,,,,,,,unknown,unknown,,,,unknown,unknown,unknown
http://example.org/health-assessment#Fatigue,NamedIndividual,,unknown,,,unknown,,,,,,,,unknown,unknown,,,unknown,,unknown,,,,,,,,,,,,,,,,,,,,,unknown,unknown,,,,,,,,,,,,unknown,unknown,,,,unknown,unknown,unknown
http://example.org/health-assessment#Fever,NamedIndividual,,unknown,,,unknown,,,,,,,,unknown,unknown,,,unknown,,unknown,,,,,,,,,,,,,,,,,,,,,unknown,unknown,,,,,,,,,,,,unknown,unknown,,,,unknown,unknown,unknown
http://example.org/health-assessment#GastrointestinalCondition,NamedIndividual,,unknown,,,unknown,,,,,,,,unknown,unknown,,,unknown,,unknown,,,,,,,,,,,,,,,,,,,,,unknown,unknown,,,,,,,,,,,,unknown,unknown,,,,unknown,unknown,unknown
http://example.org/health-assessment#HeartDisease,NamedIndividual,,unknown,,,unknown,,,,,,,,unknown,unknown,,,unknown,,unknown,,,,,,,,,,,,,,,,,,,,,unknown,unknown,,,,,,,,,,,,unknown,unknown,,,,unknown,unknown,unknown
http://example.org/health-assessment#HistoryOfPresentIllness,NamedIndividual,,unknown,,,unknown,,,,,,,,unknown,unknown,,,unknown,,unknown,,,,,,,,,,,,,,,,,,,,,unknown,unknown,,,,,,,,,,,,unknown,unknown,,,,unknown,unknown,unknown
http://example.org/health-assessment#Immunization,NamedIndividual,,unknown,,,unknown,,,,,,,,unknown,unknown,,,unknown,,unknown,,,,,,,,,,,,,,,,,,,,,unknown,unknown,,,,,,,,,,,,unknown,unknown,,,,unknown,unknown,unknown
http://example.org/health-assessment#Infection,NamedIndividual,,unknown,,,unknown,,,,,,,,unknown,unknown,,,unknown,,unknown,,,,,,,,,,,,,,,,,,,,,unknown,unknown,,,,,,,,,,,,unknown,unknown,,,,unknown,unknown,unknown
http://example.org/health-assessment#LabResult,Class,http://example.org/health-assessment#Concept,unknown,,,unknown,,,,,,,,unknown,unknown,,,unknown,,unknown,,,,,,,,,,,,,,,,,,,,,unknown,unknown,,,,,,,,,,,,unknown,unknown,,,,unknown,unknown,unknown
http://example.org/health-assessment#Medication,Class,http://example.org/health-assessment#Concept,unknown,,,unknown,,,,,,,,unknown,unknown,,,unknown,,unknown,,,,,,,,,,,,,,,,,,,,,unknown,unknown,,,,,,,,,,,,unknown,unknown,,,,unknown,unknown,unknown
http://example.org/health-assessment#MentalHealth,NamedIndividual,,unknown,,,unknown,,,,,,,,unknown,unknown,,,unknown,,unknown,,,,,,,,,,,,,,,,,,,,,unknown,unknown,,,,,,,,,,,,unknown,unknown,,,,unknown,unknown,unknown
http://example.org/health-assessment#MentalHealthCondition,NamedIndividual,,unknown,,,unknown,,,,,,,,unknown,unknown,,,unknown,,unknown,,,,,,,,,,,,,,,,,,,,,unknown,unknown,,,,,,,,,,,,unknown,unknown,,,,unknown,unknown,unknown
http://example.org/health-assessment#MetabolicDisorder,NamedIndividual,,unknown,,,unknown,,,,,,,,unknown,unknown,,,unknown,,unknown,,,,,,,,,,,,,,,,,,,,,unknown,unknown,,,,,,,,,,,,unknown,unknown,,,,unknown,unknown,unknown
http://example.org/health-assessment#MusculoskeletalCondition,NamedIndividual,,unknown,,,unknown,,,,,,,,unknown,unknown,,,unknown,,unknown,,,,,,,,,,,,,,,,,,,,,unknown,unknown,,,,,,,,,,,,unknown,unknown,,,,unknown,unknown,unknown
http://example.org/health-assessment#NeurologicalCondition,NamedIndividual,,unknown,,,unknown,,,,,,,,unknown,unknown,,,unknown,,unknown,,,,,,,,,,,,,,,,,,,,,unknown,unknown,,,,,,,,,,,,unknown,unknown,,,,unknown,unknown,unknown
http://example.org/health-assessment#NutritionalDeficiency,NamedIndividual,,unknown,,,unknown,,,,,,,,unknown,unknown,,,unknown,,unknown,,,,,,,,,,,,,,,,,,,,,unknown,unknown,,,,,,,,,,,,unknown,unknown,,,,unknown,unknown,unknown
http://example.org/health-assessment#Obesity,NamedIndividual,,unknown,,,unknown,,,,,,,,unknown,unknown,,,unknown,,unknown,,,,,,,,,,,,,,,,,,,,,unknown,unknown,,,,,,,,,,,,unknown,unknown,,,,unknown,unknown,unknown
http://example.org/health-assessment#OtherCondition,NamedIndividual,,unknown,,,unknown,,,,,,,,unknown,unknown,,,unknown,,unknown,,,,,,,,,,,,,,,,,,,,,unknown,unknown,,,,,,,,,,,,unknown,unknown,,,,unknown,unknown,unknown
http://example.org/health-assessment#OtherMentalHealthCondition,NamedIndividual,,unknown,,,unknown,,,,,,,,unknown,unknown,,,unknown,,unknown,,,,,,,,,,,,,,,,,,,,,unknown,unknown,,,,,,,,,,,,unknown,unknown,,,,unknown,unknown,unknown
http://example.org/health-assessment#Pain,NamedIndividual,,unknown,,,unknown,,,,,,,,unknown,unknown,,,unknown,,unknown,,,,,,,,,,,,,,,,,,,,,unknown,unknown,,,,,,,,,,,,unknown,unknown,,,,unknown,unknown,unknown
http://example.org/health-assessment#PastMedicalHistory,NamedIndividual,,unknown,,,unknown,,,,,,,,unknown,unknown,,,unknown,,unknown,,,,,,,,,,,,,,,,,,,,,unknown,unknown,,,,,,,,,,,,unknown,unknown,,,,unknown,unknown,unknown
http://example.org/health-assessment#Patient,Class,http://example.org/health-assessment#User,unknown,,,unknown,,,,,,,,unknown,unknown,,,unknown,,unknown,,,,,,,,,,,,,,,,,,,,,unknown,unknown,,,,,,,,,,,,unknown,unknown,,,,unknown,unknown,unknown
http://example.org/health-assessment#PhysicalExamFinding,Class,http://example.org/health-assessment#Concept,unknown,,,unknown,,,,,,,,unknown,unknown,,,unknown,,unknown,,,,,,,,,,,,,,,,,,,,,unknown,unknown,,,,,,,,,,,,unknown,unknown,,,,unknown,unknown,unknown
http://example.org/health-assessment#PhysicalExamination,NamedIndividual,,unknown,,,unknown,,,,,,,,unknown,unknown,,,unknown,,unknown,,,,,,,,,,,,,,,,,,,,,unknown,unknown,,,,,,,,,,,,unknown,unknown,,,,unknown,unknown,unknown
http://example.org/health-assessment#PhysicalFitness,NamedIndividual,,unknown,,,unknown,,,,,,,,unknown,unknown,,,unknown,,unknown,,,,,,,,,,,,,,,,,,,,,unknown,unknown,,,,,,,,,,,,unknown,unknown,,,,unknown,unknown,unknown
http://example.org/health-assessment#Pneumonia,NamedIndividual,,unknown,,,unknown,,,,,,,,unknown,unknown,,,unknown,,unknown,,,,,,,,,,,,,,,,,,,,,unknown,unknown,,,,,,,,,,,,unknown,unknown,,,,unknown,unknown,unknown
http://example.org/health-assessment#Procedure,Class,http://example.org/health-assessment#Concept,unknown,,,unknown,,,,,,,,unknown,unknown,,,unknown,,unknown,,,,,,,,,,,,,,,,,,,,,unknown,unknown,,,,,,,,,,,,unknown,unknown,,,,unknown,unknown,unknown
http://example.org/health-assessment#PsychologicalCondition,NamedIndividual,,unknown,,,unknown,,,,,,,,unknown,unknown,,,unknown,,unknown,,,,,,,,,,,,,,,,,,,,,unknown,unknown,,,,,,,,,,,,unknown,unknown,,,,unknown,unknown,unknown
http://example.org/health-assessment#RespiratoryCondition,NamedIndividual,,unknown,,,unknown,,,,,,,,unknown,unknown,,,unknown,,unknown,,,,,,,,,,,,,,,,,,,,,unknown,unknown,,,,,,,,,,,,unknown,unknown,,,,unknown,unknown,unknown
http://example.org/health-assessment#ReviewOfSystems,NamedIndividual,,unknown,,,unknown,,,,,,,,unknown,unknown,,,unknown,,unknown,,,,,,,,,,,,,,,,,,,,,unknown,unknown,,,,,,,,,,,,unknown,unknown,,,,unknown,unknown,unknown
http://example.org/health-assessment#RiskFactor,Class,http://example.org/health-assessment#Concept,unknown,,,unknown,,,,,,,,unknown,unknown,,,unknown,,unknown,,,,,,,,,,,,,,,,,,,,,unknown,unknown,,,,,,,,,,,,unknown,unknown,,,,unknown,unknown,unknown
http://example.org/health-assessment#Schizophrenia,NamedIndividual,,unknown,,,unknown,,,,,,,,unknown,unknown,,,unknown,,unknown,,,,,,,,,,,,,,,,,,,,,unknown,unknown,,,,,,,,,,,,unknown,unknown,,,,unknown,unknown,unknown
http://example.org/health-assessment#SocialHistory,NamedIndividual,,unknown,,,unknown,,,,,,,,unknown,unknown,,,unknown,,unknown,,,,,,,,,,,,,,,,,,,,,unknown,unknown,,,,,,,,,,,,unknown,unknown,,,,unknown,unknown,unknown
http://example.org/health-assessment#Stress,NamedIndividual,,unknown,,,unknown,,,,,,,,unknown,unknown,,,unknown,,unknown,,,,,,,,,,,,,,,,,,,,,unknown,unknown,,,,,,,,,,,,unknown,unknown,,,,unknown,unknown,unknown
http://example.org/health-assessment#StressRelatedCondition,NamedIndividual,,unknown,,,unknown,,,,,,,,unknown,unknown,,,unknown,,unknown,,,,,,,,,,,,,,,,,,,,,unknown,unknown,,,,,,,,,,,,unknown,unknown,,,,unknown,unknown,unknown
http://example.org/health-assessment#SubstanceAbuse,NamedIndividual,,unknown,,,unknown,,,,,,,,unknown,unknown,,,unknown,,unknown,,,,,,,,,,,,,,,,,,,,,unknown,unknown,,,,,,,,,,,,unknown,unknown,,,,unknown,unknown,unknown
http://example.org/health-assessment#Symptom,Class,http://example.org/health-assessment#Concept,unknown,,,unknown,,,,,,,,unknown,unknown,,,unknown,,unknown,,,,,,,,,,,,,,,,,,,,,unknown,unknown,,,,,,,,,,,,unknown,unknown,,,,unknown,unknown,unknown
http://example.org/health-assessment#User,Class,http://www.w3.org/2002/07/owl#Thing,unknown,,,unknown,,,,,,,,unknown,unknown,,,unknown,,unknown,,,,,,,,,,,,,,,,,,,,,unknown,unknown,,,,,,,,,,,,unknown,unknown,,,,unknown,unknown,unknown
http://example.org/health-assessment#UserResponse,Class,http://www.w3.org/2002/07/owl#Thing,unknown,,,unknown,,,,,,,,unknown,unknown,,,unknown,,unknown,,,,,,,,,,,,,,,,,,,,,unknown,unknown,,,,,,,,,,,,unknown,unknown,,,,unknown,unknown,unknown
http://example.org/health-assessment#VaccinePreventableDisease,NamedIndividual,,unknown,,,unknown,,,,,,,,unknown,unknown,,,unknown,,unknown,,,,,,,,,,,,,,,,,,,,,unknown,unknown,,,,,,,,,,,,unknown,unknown,,,,unknown,unknown,unknown
http://example.org/health-assessment#WeightChange,NamedIndividual,,unknown,,,unknown,,,,,,,,unknown,unknown,,,unknown,,unknown,,,,,,,,,,,,,,,,,,,,,unknown,unknown,,,,,,,,,,,,unknown,unknown,,,,unknown,unknown,unknown
http://example.org/health-assessment#aggravatingFactors,DataProperty,,unknown,,,unknown,,,,,,,,unknown,unknown,,,unknown,,unknown,,,,,,,,,,,,,,,,,,,,,unknown,unknown,,,,,,,,,,,,unknown,unknown,,,,unknown,unknown,unknown
http://example.org/health-assessment#alleviates,ObjectProperty,,unknown,,,unknown,,,,,,,,unknown,unknown,,,unknown,,unknown,,,,,,,,,,,,,,,,,,,,,unknown,unknown,,,,,,,,,,,,unknown,unknown,,,,unknown,unknown,unknown
http://example.org/health-assessment#asks,ObjectProperty,,unknown,,,unknown,,,,,,,,unknown,unknown,,,unknown,,unknown,,,,,,,,,,,,,,,,,,,,,unknown,unknown,,,,,,,,,,,,unknown,unknown,,,,unknown,unknown,unknown
http://example.org/health-assessment#assessmentID,DataProperty,,unknown,,,unknown,,,,,,,,unknown,unknown,,,unknown,,unknown,,,,,,,,,,,,,,,,,,,,,unknown,unknown,,,,,,,,,,,,unknown,unknown,,,,unknown,unknown,unknown
http://example.org/health-assessment#character,DataProperty,,unknown,,,unknown,,,,,,,,unknown,unknown,,,unknown,,unknown,,,,,,,,,,,,,,,,,,,,,unknown,unknown,,,,,,,,,,,,unknown,unknown,,,,unknown,unknown,unknown
http://example.org/health-assessment#code,DataProperty,,unknown,,,unknown,,,,,,,,unknown,unknown,,,unknown,,unknown,,,,,,,,,,,,,,,,,,,,,unknown,unknown,,,,,,,,,,,,unknown,unknown,,,,unknown,unknown,unknown
http://example.org/health-assessment#confidence,DataProperty,,unknown,,,unknown,,,,,,,,unknown,unknown,,,unknown,,unknown,,,,,,,,,,,,,,,,,,,,,unknown,unknown,,,,,,,,,,,,unknown,unknown,,,,unknown,unknown,unknown
http://example.org/health-assessment#confirms,ObjectProperty,,unknown,,,unknown,,,,,,,,unknown,unknown,,,unknown,,unknown,,,,,,,,,,,,,,,,,,,,,unknown,unknown,,,,,,,,,,,,unknown,unknown,,,,unknown,unknown,unknown
http://example.org/health-assessment#currentAssessment,ObjectProperty,,unknown,,,unknown,,,,,,,,unknown,unknown,,,unknown,,unknown,,,,,,,,,,,,,,,,,,,,,unknown,unknown,,,,,,,,,,,,unknown,unknown,,,,unknown,unknown,unknown
http://example.org/health-assessment#dosage,DataProperty,,unknown,,,unknown,,,,,,,,unknown,unknown,,,unknown,,unknown,,,,,,,,,,,,,,,,,,,,,unknown,unknown,,,,,,,,,,,,unknown,unknown,,,,unknown,unknown,unknown
http://example.org/health-assessment#duration,DataProperty,,unknown,,,unknown,,,,,,,,unknown,unknown,,,unknown,,unknown,,,,,,,,,,,,,,,,,,,,,unknown,unknown,,,,,,,,,,,,unknown,unknown,,,,unknown,unknown,unknown
http://example.org/health-assessment#endDate,DataProperty,,unknown,,,unknown,,,,,,,,unknown,unknown,,,unknown,,unknown,,,,,,,,,,,,,,,,,,,,,unknown,unknown,,,,,,,,,,,,unknown,unknown,,,,unknown,unknown,unknown
http://example.org/health-assessment#endTime,DataProperty,,unknown,,,unknown,,,,,,,,unknown,unknown,,,unknown,,unknown,,,,,,,,,,,,,,,,,,,,,unknown,unknown,,,,,,,,,,,,unknown,unknown,,,,unknown,unknown,unknown
http://example.org/health-assessment#exacerbates,ObjectProperty,,unknown,,,unknown,,,,,,,,unknown,unknown,,,unknown,,unknown,,,,,,,,,,,,,,,,,,,,,unknown,unknown,,,,,,,,,,,,unknown,unknown,,,,unknown,unknown,unknown
http://example.org/health-assessment#extractedValue,DataProperty,,unknown,,,unknown,,,,,,,,unknown,unknown,,,unknown,,unknown,,,,,,,,,,,,,,,,,,,,,unknown,unknown,,,,,,,,,,,,unknown,unknown,,,,unknown,unknown,unknown
http://example.org/health-assessment#findingType,DataProperty,,unknown,,,unknown,,,,,,,,unknown,unknown,,,unknown,,unknown,,,,,,,,,,,,,,,,,,,,,unknown,unknown,,,,,,,,,,,,unknown,unknown,,,,unknown,unknown,unknown
http://example.org/health-assessment#frequency,DataProperty,,unknown,,,unknown,,,,,,,,unknown,unknown,,,unknown,,unknown,,,,,,,,,,,,,,,,,,,,,unknown,unknown,,,,,,,,,,,,unknown,unknown,,,,unknown,unknown,unknown
http://example.org/health-assessment#hasDiagnosis,ObjectProperty,,unknown,,,unknown,,,,,,,,unknown,unknown,,,unknown,,unknown,,,,,,,,,,,,,,,,,,,,,unknown,unknown,,,,,,,,,,,,unknown,unknown,,,,unknown,unknown,unknown
http://example.org/health-assessment#hasFinding,ObjectProperty,,unknown,,,unknown,,,,,,,,unknown,unknown,,,unknown,,unknown,,,,,,,,,,,,,,,,,,,,,unknown,unknown,,,,,,,,,,,,unknown,unknown,,,,unknown,unknown,unknown
http://example.org/health-assessment#hasPatient,ObjectProperty,,unknown,,,unknown,,,,,,,,unknown,unknown,,,unknown,,unknown,,,,,,,,,,,,,,,,,,,,,unknown,unknown,,,,,,,,,,,,unknown,unknown,,,,unknown,unknown,unknown
http://example.org/health-assessment#hasProcedure,ObjectProperty,,unknown,,,unknown,,,,,,,,unknown,unknown,,,unknown,,unknown,,,,,,,,,,,,,,,,,,,,,unknown,unknown,,,,,,,,,,,,unknown,unknown,,,,unknown,unknown,unknown
http://example.org/health-assessment#hasRiskFactor,ObjectProperty,,unknown,,,unknown,,,,,,,,unknown,unknown,,,unknown,,unknown,,,,,,,,,,,,,,,,,,,,,unknown,unknown,,,,,,,,,,,,unknown,unknown,,,,unknown,unknown,unknown
http://example.org/health-assessment#hasSymptom,ObjectProperty,,unknown,,,unknown,,,,,,,,unknown,unknown,,,unknown,,unknown,,,,,,,,,,,,,,,,,,,,,unknown,unknown,,,,,,,,,,,,unknown,unknown,,,,unknown,unknown,unknown
http://example.org/health-assessment#likelihood,ObjectProperty,,unknown,,,unknown,,,,,,,,unknown,unknown,,,unknown,,unknown,,,,,,,,,,,,,,,,,,,,,unknown,unknown,,,,,,,,,,,,unknown,unknown,,,,unknown,unknown,unknown
http://example.org/health-assessment#location,DataProperty,,unknown,,,unknown,,,,,,,,unknown,unknown,,,unknown,,unknown,,,,,,,,,,,,,,,,,,,,,unknown,unknown,,,,,,,,,,,,unknown,unknown,,,,unknown,unknown,unknown
http://example.org/health-assessment#maySuggest,ObjectProperty,,unknown,,,unknown,,,,,,,,unknown,unknown,,,unknown,,unknown,,,,,,,,,,,,,,,,,,,,,unknown,unknown,,,,,,,,,,,,unknown,unknown,,,,unknown,unknown,unknown
http://example.org/health-assessment#nextStep,ObjectProperty,,unknown,,,unknown,,,,,,,,unknown,unknown,,,unknown,,unknown,,,,,,,,,,,,,,,,,,,,,unknown,unknown,,,,,,,,,,,,unknown,unknown,,,,unknown,unknown,unknown
http://example.org/health-assessment#onset,DataProperty,,unknown,,,unknown,,,,,,,,unknown,unknown,,,unknown,,unknown,,,,,,,,,,,,,,,,,,,,,unknown,unknown,,,,,,,,,,,,unknown,unknown,,,,unknown,unknown,unknown
http://example.org/health-assessment#partOf,ObjectProperty,,unknown,,,unknown,,,,,,,,unknown,unknown,,,unknown,,unknown,,,,,,,,,,,,,,,,,,,,,unknown,unknown,,,,,,,,,,,,unknown,unknown,,,,unknown,unknown,unknown
http://example.org/health-assessment#precedes,ObjectProperty,,unknown,,,unknown,,,,,,,,unknown,unknown,,,unknown,,unknown,,,,,,,,,,,,,,,,,,,,,unknown,unknown,,,,,,,,,,,,unknown,unknown,,,,unknown,unknown,unknown
http://example.org/health-assessment#preferredTerm,DataProperty,,unknown,,,unknown,,,,,,,,unknown,unknown,,,unknown,,unknown,,,,,,,,,,,,,,,,,,,,,unknown,unknown,,,,,,,,,,,,unknown,unknown,,,,unknown,unknown,unknown
http://example.org/health-assessment#procedureDate,DataProperty,,unknown,,,unknown,,,,,,,,unknown,unknown,,,unknown,,unknown,,,,,,,,,,,,,,,,,,,,,unknown,unknown,,,,,,,,,,,,unknown,unknown,,,,unknown,unknown,unknown
http://example.org/health-assessment#question1,NamedIndividual,,unknown,,,unknown,,,,,,,,unknown,unknown,,,unknown,,unknown,,,,,,,,,,,,,,,,,,,,,unknown,unknown,,,,,,,,,,,,unknown,unknown,,,,unknown,unknown,unknown
http://example.org/health-assessment#question10,NamedIndividual,,unknown,,,unknown,,,,,,,,unknown,unknown,,,unknown,,unknown,,,,,,,,,,,,,,,,,,,,,unknown,unknown,,,,,,,,,,,,unknown,unknown,,,,unknown,unknown,unknown
http://example.org/health-assessment#question11,NamedIndividual,,unknown,,,unknown,,,,,,,,unknown,unknown,,,unknown,,unknown,,,,,,,,,,,,,,,,,,,,,unknown,unknown,,,,,,,,,,,,unknown,unknown,,,,unknown,unknown,unknown
http://example.org/health-assessment#question12,NamedIndividual,,unknown,,,unknown,,,,,,,,unknown,unknown,,,unknown,,unknown,,,,,,,,,,,,,,,,,,,,,unknown,unknown,,,,,,,,,,,,unknown,unknown,,,,unknown,unknown,unknown
http://example.org/health-assessment#question13,NamedIndividual,,unknown,,,unknown,,,,,,,,unknown,unknown,,,unknown,,unknown,,,,,,,,,,,,,,,,,,,,,unknown,unknown,,,,,,,,,,,,unknown,unknown,,,,unknown,unknown,unknown
http://example.org/health-assessment#question14,NamedIndividual,,unknown,,,unknown,,,,,,,,unknown,unknown,,,unknown,,unknown,,,,,,,,,,,,,,,,,,,,,unknown,unknown,,,,,,,,,,,,unknown,unknown,,,,unknown,unknown,unknown
http://example.org/health-assessment#question15,NamedIndividual,,unknown,,,unknown,,,,,,,,unknown,unknown,,,unknown,,unknown,,,,,,,,,,,,,,,,,,,,,unknown,unknown,,,,,,,,,,,,unknown,unknown,,,,unknown,unknown,unknown
http://example.org/health-assessment#question16,NamedIndividual,,unknown,,,unknown,,,,,,,,unknown,unknown,,,unknown,,unknown,,,,,,,,,,,,,,,,,,,,,unknown,unknown,,,,,,,,,,,,unknown,unknown,,,,unknown,unknown,unknown
http://example.org/health-assessment#question17,NamedIndividual,,unknown,,,unknown,,,,,,,,unknown,unknown,,,unknown,,unknown,,,,,,,,,,,,,,,,,,,,,unknown,unknown,,,,,,,,,,,,unknown,unknown,,,,unknown,unknown,unknown
http://example.org/health-assessment#question18,NamedIndividual,,unknown,,,unknown,,,,,,,,unknown,unknown,,,unknown,,unknown,,,,,,,,,,,,,,,,,,,,,unknown,unknown,,,,,,,,,,,,unknown,unknown,,,,unknown,unknown,unknown
http://example.org/health-assessment#question19,NamedIndividual,,unknown,,,unknown,,,,,,,,unknown,unknown,,,unknown,,unknown,,,,,,,,,,,,,,,,,,,,,unknown,unknown,,,,,,,,,,,,unknown,unknown,,,,unknown,unknown,unknown
http://example.org/health-assessment#question2,NamedIndividual,,unknown,,,unknown,,,,,,,,unknown,unknown,,,unknown,,unknown,,,,,,,,,,,,,,,,,,,,,unknown,unknown,,,,,,,,,,,,unknown,unknown,,,,unknown,unknown,unknown
http://example.org/health-assessment#question20,NamedIndividual,,unknown,,,unknown,,,,,,,,unknown,unknown,,,unknown,,unknown,,,,,,,,,,,,,,,,,,,,,unknown,unknown,,,,,,,,,,,,unknown,unknown,,,,unknown,unknown,unknown
http://example.org/health-assessment#question21,NamedIndividual,,unknown,,,unknown,,,,,,,,unknown,unknown,,,unknown,,unknown,,,,,,,,,,,,,,,,,,,,,unknown,unknown,,,,,,,,,,,,unknown,unknown,,,,unknown,unknown,unknown
http://example.org/health-assessment#question22,NamedIndividual,,unknown,,,unknown,,,,,,,,unknown,unknown,,,unknown,,unknown,,,,,,,,,,,,,,,,,,,,,unknown,unknown,,,,,,,,,,,,unknown,unknown,,,,unknown,unknown,unknown
http://example.org/health-assessment#question23,NamedIndividual,,unknown,,,unknown,,,,,,,,unknown,unknown,,,unknown,,unknown,,,,,,,,,,,,,,,,,,,,,unknown,unknown,,,,,,,,,,,,unknown,unknown,,,,unknown,unknown,unknown
http://example.org/health-assessment#question24,NamedIndividual,,unknown,,,unknown,,,,,,,,unknown,unknown,,,unknown,,unknown,,,,,,,,,,,,,,,,,,,,,unknown,unknown,,,,,,,,,,,,unknown,unknown,,,,unknown,unknown,unknown
http://example.org/health-assessment#question25,NamedIndividual,,unknown,,,unknown,,,,,,,,unknown,unknown,,,unknown,,unknown,,,,,,,,,,,,,,,,,,,,,unknown,unknown,,,,,,,,,,,,unknown,unknown,,,,unknown,unknown,unknown
http://example.org/health-assessment#question26,NamedIndividual,,unknown,,,unknown,,,,,,,,unknown,unknown,,,unknown,,unknown,,,,,,,,,,,,,,,,,,,,,unknown,unknown,,,,,,,,,,,,unknown,unknown,,,,unknown,unknown,unknown
http://example.org/health-assessment#question27,NamedIndividual,,unknown,,,unknown,,,,,,,,unknown,unknown,,,unknown,,unknown,,,,,,,,,,,,,,,,,,,,,unknown,unknown,,,,,,,,,,,,unknown,unknown,,,,unknown,unknown,unknown
http://example.org/health-assessment#question28,NamedIndividual,,unknown,,,unknown,,,,,,,,unknown,unknown,,,unknown,,unknown,,,,,,,,,,,,,,,,,,,,,unknown,unknown,,,,,,,,,,,,unknown,unknown,,,,unknown,unknown,unknown
http://example.org/health-assessment#question29,NamedIndividual,,unknown,,,unknown,,,,,,,,unknown,unknown,,,unknown,,unknown,,,,,,,,,,,,,,,,,,,,,unknown,unknown,,,,,,,,,,,,unknown,unknown,,,,unknown,unknown,unknown
http://example.org/health-assessment#question3,NamedIndividual,,unknown,,,unknown,,,,,,,,unknown,unknown,,,unknown,,unknown,,,,,,,,,,,,,,,,,,,,,unknown,unknown,,,,,,,,,,,,unknown,unknown,,,,unknown,unknown,unknown
http://example.org/health-assessment#question30,NamedIndividual,,unknown,,,unknown,,,,,,,,unknown,unknown,,,unknown,,unknown,,,,,,,,,,,,,,,,,,,,,unknown,unknown,,,,,,,,,,,,unknown,unknown,,,,unknown,unknown,unknown
http://example.org/health-assessment#question4,NamedIndividual,,unknown,,,unknown,,,,,,,,unknown,unknown,,,unknown,,unknown,,,,,,,,,,,,,,,,,,,,,unknown,unknown,,,,,,,,,,,,unknown,unknown,,,,unknown,unknown,unknown
http://example.org/health-assessment#question5,NamedIndividual,,unknown,,,unknown,,,,,,,,unknown,unknown,,,unknown,,unknown,,,,,,,,,,,,,,,,,,,,,unknown,unknown,,,,,,,,,,,,unknown,unknown,,,,unknown,unknown,unknown
http://example.org/health-assessment#question6,NamedIndividual,,unknown,,,unknown,,,,,,,,unknown,unknown,,,unknown,,unknown,,,,,,,,,,,,,,,,,,,,,unknown,unknown,,,,,,,,,,,,unknown,unknown,,,,unknown,unknown,unknown
http://example.org/health-assessment#question7,NamedIndividual,,unknown,,,unknown,,,,,,,,unknown,unknown,,,unknown,,unknown,,,,,,,,,,,,,,,,,,,,,unknown,unknown,,,,,,,,,,,,unknown,unknown,,,,unknown,unknown,unknown
http://example.org/health-assessment#question8,NamedIndividual,,unknown,,,unknown,,,,,,,,unknown,unknown,,,unknown,,unknown,,,,,,,,,,,,,,,,,,,,,unknown,unknown,,,,,,,,,,,,unknown,unknown,,,,unknown,unknown,unknown
http://example.org/health-assessment#question9,NamedIndividual,,unknown,,,unknown,,,,,,,,unknown,unknown,,,unknown,,unknown,,,,,,,,,,,,,,,,,,,,,unknown,unknown,,,,,,,,,,,,unknown,unknown,,,,unknown,unknown,unknown
http://example.org/health-assessment#questionCode,DataProperty,,unknown,,,unknown,,,,,,,,unknown,unknown,,,unknown,,unknown,,,,,,,,,,,,,,,,,,,,,unknown,unknown,,,,,,,,,,,,unknown,unknown,,,,unknown,unknown,unknown
http://example.org/health-assessment#questionText,DataProperty,,unknown,,,unknown,,,,,,,,unknown,unknown,,,unknown,,unknown,,,,,,,,,,,,,,,,,,,,,unknown,unknown,,,,,,,,,,,,unknown,unknown,,,,unknown,unknown,unknown
http://example.org/health-assessment#questionType,DataProperty,,unknown,,,unknown,,,,,,,,unknown,unknown,,,unknown,,unknown,,,,,,,,,,,,,,,,,,,,,unknown,unknown,,,,,,,,,,,,unknown,unknown,,,,unknown,unknown,unknown
http://example.org/health-assessment#radiation,DataProperty,,unknown,,,unknown,,,,,,,,unknown,unknown,,,unknown,,unknown,,,,,,,,,,,,,,,,,,,,,unknown,unknown,,,,,,,,,,,,unknown,unknown,,,,unknown,unknown,unknown
http://example.org/health-assessment#relatesTo,ObjectProperty,,unknown,,,unknown,,,,,,,,unknown,unknown,,,unknown,,unknown,,,,,,,,,,,,,,,,,,,,,unknown,unknown,,,,,,,,,,,,unknown,unknown,,,,unknown,unknown,unknown
http://example.org/health-assessment#relievingFactors,DataProperty,,unknown,,,unknown,,,,,,,,unknown,unknown,,,unknown,,unknown,,,,,,,,,,,,,,,,,,,,,unknown,unknown,,,,,,,,,,,,unknown,unknown,,,,unknown,unknown,unknown
http://example.org/health-assessment#responseText,DataProperty,,unknown,,,unknown,,,,,,,,unknown,unknown,,,unknown,,unknown,,,,,,,,,,,,,,,,,,,,,unknown,unknown,,,,,,,,,,,,unknown,unknown,,,,unknown,unknown,unknown
http://example.org/health-assessment#responseTimestamp,DataProperty,,unknown,,,unknown,,,,,,,,unknown,unknown,,,unknown,,unknown,,,,,,,,,,,,,,,,,,,,,unknown,unknown,,,,,,,,,,,,unknown,unknown,,,,unknown,unknown,unknown
http://example.org/health-assessment#responseTo,ObjectProperty,,unknown,,,unknown,,,,,,,,unknown,unknown,,,unknown,,unknown,,,,,,,,,,,,,,,,,,,,,unknown,unknown,,,,,,,,,,,,unknown,unknown,,,,unknown,unknown,unknown
http://example.org/health-assessment#route,DataProperty,,unknown,,,unknown,,,,,,,,unknown,unknown,,,unknown,,unknown,,,,,,,,,,,,,,,,,,,,,unknown,unknown,,,,,,,,,,,,unknown,unknown,,,,unknown,unknown,unknown
http://example.org/health-assessment#ruleOut,ObjectProperty,,unknown,,,unknown,,,,,,,,unknown,unknown,,,unknown,,unknown,,,,,,,,,,,,,,,,,,,,,unknown,unknown,,,,,,,,,,,,unknown,unknown,,,,unknown,unknown,unknown
http://example.org/health-assessment#severity,DataProperty,,unknown,,,unknown,,,,,,,,unknown,unknown,,,unknown,,unknown,,,,,,,,,,,,,,,,,,,,,unknown,unknown,,,,,,,,,,,,unknown,unknown,,,,unknown,unknown,unknown
http://example.org/health-assessment#source,DataProperty,,unknown,,,unknown,,,,,,,,unknown,unknown,,,unknown,,unknown,,,,,,,,,,,,,,,,,,,,,unknown,unknown,,,,,,,,,,,,unknown,unknown,,,,unknown,unknown,unknown
http://example.org/health-assessment#startDate,DataProperty,,unknown,,,unknown,,,,,,,,unknown,unknown,,,unknown,,unknown,,,,,,,,,,,,,,,,,,,,,unknown,unknown,,,,,,,,,,,,unknown,unknown,,,,unknown,unknown,unknown
http://example.org/health-assessment#startTime,DataProperty,,unknown,,,unknown,,,,,,,,unknown,unknown,,,unknown,,unknown,,,,,,,,,,,,,,,,,,,,,unknown,unknown,,,,,,,,,,,,unknown,unknown,,,,unknown,unknown,unknown
http://example.org/health-assessment#status,DataProperty,,unknown,,,unknown,,,,,,,,unknown,unknown,,,unknown,,unknown,,,,,,,,,,,,,,,,,,,,,unknown,unknown,,,,,,,,,,,,unknown,unknown,,,,unknown,unknown,unknown
http://example.org/health-assessment#stepDescription,DataProperty,,unknown,,,unknown,,,,,,,,unknown,unknown,,,unknown,,unknown,,,,,,,,,,,,,,,,,,,,,unknown,unknown,,,,,,,,,,,,unknown,unknown,,,,unknown,unknown,unknown
http://example.org/health-assessment#stepName,DataProperty,,unknown,,,unknown,,,,,,,,unknown,unknown,,,unknown,,unknown,,,,,,,,,,,,,,,,,,,,,unknown,unknown,,,,,,,,,,,,unknown,unknown,,,,unknown,unknown,unknown
http://example.org/health-assessment#stepOrder,DataProperty,,unknown,,,unknown,,,,,,,,unknown,unknown,,,unknown,,unknown,,,,,,,,,,,,,,,,,,,,,unknown,unknown,,,,,,,,,,,,unknown,unknown,,,,unknown,unknown,unknown
http://example.org/health-assessment#suggests,ObjectProperty,,unknown,,,unknown,,,,,,,,unknown,unknown,,,unknown,,unknown,,,,,,,,,,,,,,,,,,,,,unknown,unknown,,,,,,,,,,,,unknown,unknown,,,,unknown,unknown,unknown
http://example.org/health-assessment#takesMedication,ObjectProperty,,unknown,,,unknown,,,,,,,,unknown,unknown,,,unknown,,unknown,,,,,,,,,,,,,,,,,,,,,unknown,unknown,,,,,,,,,,,,unknown,unknown,,,,unknown,unknown,unknown
http://example.org/health-assessment#targets,ObjectProperty,,unknown,,,unknown,,,,,,,,unknown,unknown,,,unknown,,unknown,,,,,,,,,,,,,,,,,,,,,unknown,unknown,,,,,,,,,,,,unknown,unknown,,,,unknown,unknown,unknown
http://example.org/health-assessment#unit,DataProperty,,unknown,,,unknown,,,,,,,,unknown,unknown,,,unknown,,unknown,,,,,,,,,,,,,,,,,,,,,unknown,unknown,,,,,,,,,,,,unknown,unknown,,,,unknown,unknown,unknown
http://example.org/health-assessment#uri,DataProperty,,unknown,,,unknown,,,,,,,,unknown,unknown,,,unknown,,unknown,,,,,,,,,,,,,,,,,,,,,unknown,unknown,,,,,,,,,,,,unknown,unknown,,,,unknown,unknown,unknown
http://example.org/health-assessment#value,DataProperty,,unknown,,,unknown,,,,,,,,unknown,unknown,,,unknown,,unknown,,,,,,,,,,,,,,,,,,,,,unknown,unknown,,,,,,,,,,,,unknown,unknown,,,,unknown,unknown,unknown
http://snomed.info/id/13213009,NamedIndividual,,unknown,,,unknown,,,,,,,,unknown,unknown,,,unknown,,unknown,,,,,,,,,,,,,,,,,,,,,unknown,unknown,,,,,,,,,,,,unknown,unknown,,,,unknown,unknown,unknown
http://snomed.info/id/267036007,NamedIndividual,,unknown,,,unknown,,,,,,,,unknown,unknown,,,unknown,,unknown,,,,,,,,,,,,,,,,,,,,,unknown,unknown,,,,,,,,,,,,unknown,unknown,,,,unknown,unknown,unknown
http://snomed.info/id/422968005,NamedIndividual,,unknown,,,unknown,,,,,,,,unknown,unknown,,,unknown,,unknown,,,,,,,,,,,,,,,,,,,,,unknown,unknown,,,,,,,,,,,,unknown,unknown,,,,unknown,unknown,unknown
http://snomed.info/id/56265001,NamedIndividual,,unknown,,,unknown,,,,,,,,unknown,unknown,,,unknown,,unknown,,,,,,,,,,,,,,,,,,,,,unknown,unknown,,,,,,,,,,,,unknown,unknown,,,,unknown,unknown,unknown
http://snomed.info/id/73211009,NamedIndividual,,unknown,,,unknown,,,,,,,,unknown,unknown,,,unknown,,unknown,,,,,,,,,,,,,,,,,,,,,unknown,unknown,,,,,,,,,,,,unknown,unknown,,,,unknown,unknown,unknown
http://www.w3.org/1999/02/22-rdf-syntax-ns#PlainLiteral,Datatype,,unknown,,,unknown,,,,,,,,unknown,unknown,,,unknown,,unknown,,,,,,,,,,,,,,,,,,,,,unknown,unknown,,,,,,,,,,,,unknown,unknown,,,,unknown,unknown,unknown
http://www.w3.org/2000/01/rdf-schema#comment,AnnotationProperty,,unknown,,,unknown,,,,,,,,unknown,unknown,,,unknown,,unknown,,,,,,,,,,,,,,,,,,,,,unknown,unknown,,,,,,,,,,,,unknown,unknown,,,,unknown,unknown,unknown
http://www.w3.org/2000/01/rdf-schema#label,AnnotationProperty,,unknown,,,unknown,,,,,,,,unknown,unknown,,,unknown,,unknown,,,,,,,,,,,,,,,,,,,,,unknown,unknown,,,,,,,,,,,,unknown,unknown,,,,unknown,unknown,unknown
http://www.w3.org/2001/XMLSchema#date,Datatype,,unknown,,,unknown,,,,,,,,unknown,unknown,,,unknown,,unknown,,,,,,,,,,,,,,,,,,,,,unknown,unknown,,,,,,,,,,,,unknown,unknown,,,,unknown,unknown,unknown
http://www.w3.org/2001/XMLSchema#dateTime,Datatype,,unknown,,,unknown,,,,,,,,unknown,unknown,,,unknown,,unknown,,,,,,,,,,,,,,,,,,,,,unknown,unknown,,,,,,,,,,,,unknown,unknown,,,,unknown,unknown,unknown
http://www.w3.org/2001/XMLSchema#float,Datatype,,unknown,,,unknown,,,,,,,,unknown,unknown,,,unknown,,unknown,,,,,,,,,,,,,,,,,,,,,unknown,unknown,,,,,,,,,,,,unknown,unknown,,,,unknown,unknown,unknown
http://www.w3.org/2001/XMLSchema#integer,Datatype,,unknown,,,unknown,,,,,,,,unknown,unknown,,,unknown,,unknown,,,,,,,,,,,,,,,,,,,,,unknown,unknown,,,,,,,,,,,,unknown,unknown,,,,unknown,unknown,unknown
http://www.w3.org/2001/XMLSchema#string,Datatype,,unknown,,,unknown,,,,,,,,unknown,unknown,,,unknown,,unknown,,,,,,,,,,,,,,,,,,,,,unknown,unknown,,,,,,,,,,,,unknown,unknown,,,,unknown,unknown,unknown
